{"name": "Route 1", "color": [255, 0, 0], "path": [[-71.1188219, 42.373674], [-71.118871, 42.3740858], [-71.1194334, 42.3734347], [-71.1198964, 42.3733574], [-71.1207051, 42.3732205], [-71.120757, 42.3732086], [-71.1213945, 42.3728792], [-71.1215216, 42.3727421], [-71.1215814, 42.3726613], [-71.1218821, 42.3722956], [-71.1215343, 42.3718662], [-71.1211135, 42.3714152], [-71.1215706, 42.3708652], [-71.1219067, 42.3704609], [-71.1224585, 42.3697969], [-71.1225273, 42.3697162], [-71.1229164, 42.369256], [-71.1234734, 42.3686042], [-71.1236104, 42.3684495], [-71.1237913, 42.3682518], [-71.1215162, 42.3677715], [-71.1180666, 42.3661836], [-71.1177679, 42.3586693], [-71.110614, 42.3518165], [-71.1096462, 42.3516085], [-71.1093246, 42.3515025], [-71.1065865, 42.3512041], [-71.1061552, 42.3510872], [-71.1061608, 42.3510482], [-71.1061893, 42.3508483], [-71.1059991, 42.3507388], [-71.1055298, 42.3509986]]}